twitter_user_id,"twitter_screen_name","twitter_name","twitter_location","twitter_description",twitter_followers_count,twitter_friends_count,"twitter_created_at","twitter_verified","twitter_lang","twitter_profile_image_url","date_crawled"
46376581,"ashrafghani","Ashraf Ghani","Kabul, Afghanistan","President of the Islamic Republic of Afghanistan. Personal tweets from Dr. Ashraf Ghani are signed - AG.",299125,17,"Thu Jun 11 12:34:40 +0000 2009","1","en","http://pbs.twimg.com/profile_images/752424086526169090/eSgvsEMc_normal.jpg","2017-05-18 16:06:10"
2870463431,"afgexecutive","Dr. Abdullah","Kabul","This is the official account of Dr. Abdullah Abdullah the Chief Executive of the Islamic Republic of Afghanistan.",100547,1,"Mon Nov 10 12:03:32 +0000 2014","1","en","http://pbs.twimg.com/profile_images/598755190963974144/j5FdHBea_normal.jpg","2017-05-18 16:07:10"
273410176,"ediramaal","Edi Rama","Tirane - Shqipëri","Faqja Zyrtare e Kryeministrit të Republikës së Shqipërisë",286570,285,"Mon Mar 28 12:53:15 +0000 2011","1","en","http://pbs.twimg.com/profile_images/529591825829347329/PhWoRpmd_normal.jpeg","2017-05-18 16:08:11"
2416157107,"AmSellal","Abdelmalek Sellal","Algérie","Compte officiel de Mr Abdelmalek Sellal",27289,15,"Fri Mar 28 16:28:17 +0000 2014","","fr","http://pbs.twimg.com/profile_images/449587999659921408/oFL9-lY2_normal.jpeg","2017-05-18 16:09:11"
122452959,"GovernAndorra","Govern d’Andorra","Andorra","El twitter del Govern d'Andorra, un espai informatiu i de servei públic per estar en contacte amb el ciutadà.

Visita el nostre web:",12222,2505,"Fri Mar 12 19:23:40 +0000 2010","","ca","http://pbs.twimg.com/profile_images/748767129/escut_Govern_facebook_normal.gif","2017-05-18 16:10:12"
24900072,"mauriciomacri","Mauricio Macri","Buenos Aires, Argentina","Presidente de la República Argentina. Miembro fundador de PRO Argentina y Cambiemos. Casado. 4 hijos. Hincha de Boca.",3889077,642,"Tue Mar 17 15:42:21 +0000 2009","1","es","http://pbs.twimg.com/profile_images/653558348273569792/joxg8DZD_normal.png","2017-05-18 16:11:13"
776750995313491968,"armenia","Armenia ","Armenia","Official twitter account of the Republic of Armenia, maintained by the MFA Press Department (See also: @MFAofArmenia)",3688,60,"Fri Sep 16 11:54:03 +0000 2016","1","en","http://pbs.twimg.com/profile_images/824892416133996544/I9pkGBIQ_normal.jpg","2017-05-18 16:12:13"
16734909,"TurnbullMalcolm","Malcolm Turnbull","Sydney, NSW, Australia","Prime Minister of Australia and Federal Member for Wentworth. retweet is not an endorsement",837982,4487,"Tue Oct 14 07:18:41 +0000 2008","1","en","http://pbs.twimg.com/profile_images/378800000223732312/cd2615bfb2898972fc2cf9d8d2b9b9ef_normal.jpeg","2017-05-18 16:13:14"
4502695341,"vanderbellen","A. Van der Bellen","","Offizieller Twitter-Account des Österreichischen Bundespräsidenten Alexander Van der Bellen. Gezwitschert wird von Pressesprecher Reinhard Pickl-Herk und Team.",61439,262,"Wed Dec 16 12:16:40 +0000 2015","1","de","http://pbs.twimg.com/profile_images/847767471843049472/TpBRVnRQ_normal.jpg","2017-05-18 16:14:15"
270564264,"KernChri","Christian Kern","Wien, Österreich","Bundeskanzler der Republik Österreich - twittere ausschließlich persönlich.",44415,162,"Tue Mar 22 21:15:05 +0000 2011","1","de","http://pbs.twimg.com/profile_images/778200868848070656/WtegxKc6_normal.jpg","2017-05-18 16:15:15"
143742312,"presidentaz","Ilham Aliyev","Baku, Azerbaijan","Official twitter channel of the President of the Republic of Azerbaijan - Ilham Aliyev.",295975,2,"Fri May 14 08:19:48 +0000 2010","1","en","http://pbs.twimg.com/profile_images/822699273640931329/hRayPD2G_normal.jpg","2017-05-18 16:16:16"
2299757126,"HubertAMinnis","Dr. Hubert A. Minnis","Bahamas","Opposition Leader of the Free National Movement and Member of Parliament for Killarney. Personal tweets will end with - HM #ANewBahamas",1018,35,"Sun Jan 19 14:13:57 +0000 2014","","en","http://pbs.twimg.com/profile_images/643584865598865408/U-Es7_9W_normal.jpg","2017-05-18 16:17:16"
251731458,"moi_bahrain","Ministry of Interior","Bahrain","The Official account of the Ministry of Interior of the Kingdom of Bahrain",393760,15,"Sun Feb 13 18:53:29 +0000 2011","1","en","http://pbs.twimg.com/profile_images/1243384164/MOI_LOGO2_normal.jpg","2017-05-18 16:18:17"
59495763,"sheikhhasina","Sheikh Hasina","Dhaka, Bangladesh","I am the Prime Minister of Bangladesh.",30410,4,"Thu Jul 23 15:29:15 +0000 2009","","en","http://pbs.twimg.com/profile_images/328304723/hasina_normal.jpg","2017-05-18 16:19:17"
98639150,"CharlesMichel","Charles Michel","Belgium","Premier Ministre de Belgique / Eerste Minister van België / Premierminister von Belgien",138424,5298,"Tue Dec 22 13:55:32 +0000 2009","1","fr","http://pbs.twimg.com/profile_images/732577348508340224/P8HnltSv_normal.jpg","2017-05-18 16:20:18"
4513836633,"patrice_talon","Patrice Talon","Benin","Compte twitter de Patrice Talon.
Candidat à l'élection présidentielle du #Bénin / #Talon2016",3373,43,"Thu Dec 17 12:47:12 +0000 2015","","fr","http://pbs.twimg.com/profile_images/677471052499390464/GaYcKoMu_normal.jpg","2017-05-18 16:21:19"
37869117,"tsheringtobgay","Tshering Tobgay","Bhutan","PM",67345,222,"Tue May 05 06:00:44 +0000 2009","1","en","http://pbs.twimg.com/profile_images/481063388596801538/WHXsJWgc_normal.jpeg","2017-05-18 16:22:20"
720786569792253952,"evoespueblo","Evo Morales Ayma","Bolivien","Presidente del Estado Plurinacional de Bolivia.",173117,5,"Fri Apr 15 01:31:24 +0000 2016","1","es","http://pbs.twimg.com/profile_images/721003588919640064/mG0g1mmc_normal.jpg","2017-05-18 16:23:20"
801495692447514624,"MladenIvanic","Младен Иванић","Bosnien und Herzegowina","The official acc. of the B&H Presidency Chairman, @PDP_RSrpska Hon. President | Званични налог Предсједавајућег Предсједништва БиХ, почасног предсједника ПДП-a",0,0,"Wed Nov 23 18:40:38 +0000 2016","","en","http://pbs.twimg.com/profile_images/801729023449632768/xKhohYhu_normal.jpg","2017-05-18 16:24:21"
39591928,"MichelTemer","Michel Temer","Brasília, Brasil","Presidente da República",771676,587,"Tue May 12 20:47:53 +0000 2009","1","pt","http://pbs.twimg.com/profile_images/771059448202797056/ZVcmyBmU_normal.jpg","2017-05-18 16:25:22"
824273553394728968,"PresidentOfBg","President.bg","Sofia, Bulgaria","Румен Радев - Президент на Република България/Rumen Radev - President of the Republic of Bulgaria.

This account is maintained by the President's team.",2206,139,"Wed Jan 25 15:11:44 +0000 2017","","en","http://pbs.twimg.com/profile_images/836926365245001732/pVYhjHnw_normal.jpg","2017-05-18 16:26:22"
729774664415891456,"KabaThieba","Paul Kaba THIEBA","Burkina Faso","Premier Ministre du  Burkina Faso",868,198,"Mon May 09 20:46:53 +0000 2016","","fr","http://pbs.twimg.com/profile_images/771380460681396225/FFaQ58Vc_normal.jpg","2017-05-18 16:27:22"
478038456,"pnkurunziza","Pierre Nkurunziza","Burundi","Né à Ngozi en 1964. Président de la République du #Burundi. Béni d’être Burundais. Rends grâce au Seigneur. Mes tweets sont signés PN",48228,12,"Sun Jan 29 20:55:14 +0000 2012","1","fr","http://pbs.twimg.com/profile_images/562813298027298816/U43_TFbs_normal.jpeg","2017-05-18 16:28:23"
157476332,"hunsencambodia","Hun Sen","Kambodscha","Prime Minister of Cambodia",706,0,"Sat Jun 19 23:21:40 +0000 2010","","en","http://pbs.twimg.com/profile_images/446333810372661248/lmoWdLUu_normal.jpeg","2017-05-18 16:29:24"
298655201,"paulbiyareports","PAUL BIYA","Cameroon","Paul Biya 
Date of Birth : 13 February 1933 
Birth Place: Mvomeka'a, Cameroon 
Arrival in Power : 1982
Religion: Roman Catholic 
Profession: Politician
.",1587,1426,"Sat May 14 18:03:05 +0000 2011","","en","http://pbs.twimg.com/profile_images/1642100460/PAUL_BIYA_normal.jpg","2017-05-18 16:30:24"
301026859,"PR_Paul_Biya","President Paul Biya","Yaoundé","Page officielle du Président de la république du Cameroun / The official Page of the Head of State of  Cameroon",150596,16,"Wed May 18 19:09:10 +0000 2011","","en","http://pbs.twimg.com/profile_images/494451373396611072/pOOKc53J_normal.jpeg","2017-05-18 16:31:25"
164418122,"GGDavidJohnston","David Johnston","Rideau Hall","28th Governor General of Canada and Representative of Her Majesty The Queen / 28e gouverneur général du Canada et représentant de Sa Majesté la Reine",42773,105,"Thu Jul 08 20:53:17 +0000 2010","1","en","http://pbs.twimg.com/profile_images/677242791165083653/BfxZKieg_normal.jpg","2017-05-18 16:32:25"
14260960,"JustinTrudeau","Justin Trudeau","Papineau","Account run by the 23rd Prime Minister of Canada and staff… Compte géré par le 23e premier ministre du Canada et personnel.",3161130,961,"Sun Mar 30 21:04:14 +0000 2008","1","en","http://pbs.twimg.com/profile_images/816404989392211968/Wv_8ZDrX_normal.jpg","2017-05-18 16:33:26"
345455857,"Jorgecfonseca","Jorge Carlos Fonseca","14.906777,-23.519441","Canal do Candidato a presidência da republica de Cabo Verde no twitter. Notícias, agenda, e declarações políticas.",309,57,"Sat Jul 30 16:42:13 +0000 2011","","en","http://pbs.twimg.com/profile_images/1469496944/zona.inst2_normal.jpg","2017-05-18 16:34:27"
2364531150,"ID_Itno","Idriss Déby Itno","","Président de la République du Tchad, Chef des armées et Homme politique.",1378,0,"Thu Feb 27 18:36:17 +0000 2014","","fr","http://pbs.twimg.com/profile_images/439111278380843008/tUQNG3-w_normal.jpeg","2017-05-18 16:35:27"
4119914644,"mbachelet","Michelle Bachelet","Santiago, Chile","Presidenta de Chile",93561,117,"Thu Nov 05 14:20:16 +0000 2015","1","es","http://pbs.twimg.com/profile_images/824343903776239616/Fiux2ToR_normal.jpg","2017-05-18 16:36:28"
64839766,"JuanManSantos","Juan Manuel Santos","Colombia","Presidente de Colombia",4846049,1685,"Tue Aug 11 22:07:56 +0000 2009","1","en","http://pbs.twimg.com/profile_images/855103734724145152/_nen6lMn_normal.jpg","2017-05-18 16:37:29"
2402893568,"Azali_Assoumani","Azali Assoumani","Moroni","Azali Assoumani, ancien Président de l'Union des Comores et candidat aux élections présidentielles de 2016. 
Ce compte est géré  par le comité de soutien-France",230,119,"Sat Mar 22 07:55:32 +0000 2014","","fr","http://pbs.twimg.com/profile_images/705182399718629376/s52GzRnA_normal.jpg","2017-05-18 16:38:29"
2523755972,"RDCJosephKabila","Joseph Kabila","Kinshasa","Compte officiel du Président de la République Démocratique du Congo.",6736,10,"Mon May 26 00:31:01 +0000 2014","","en","http://pbs.twimg.com/profile_images/470729207941578753/-tBZ5lX-_normal.jpeg","2017-05-18 16:39:30"
805760755819810816,"BrunoTshibala","Bruno Tshibala","Congo, République Démocratique","Homme Politique de Gauche, Premier Ministre de la RDC, Secrétaire Général Adj de l'UDPS/ Porte-parole du RassOpp",2280,231,"Mon Dec 05 13:08:29 +0000 2016","","fr","http://pbs.twimg.com/profile_images/805765432821039104/0oJKafEa_normal.jpg","2017-05-18 16:40:30"
1106069527,"SassouCG","Denis Sassou Nguesso","Brazzaville","Compte Twitter Officiel du Président de la République du Congo",15041,2,"Sun Jan 20 11:53:58 +0000 2013","","fr","http://pbs.twimg.com/profile_images/698201210864668673/whR_aszN_normal.png","2017-05-18 16:41:31"
809779125435174912,"ClementMouamba","Clément Mouamba","Brazzaville, Congo","Premier Ministre",574,421,"Fri Dec 16 15:16:03 +0000 2016","","fr","http://pbs.twimg.com/profile_images/820960835614949378/3xHo3pgR_normal.jpg","2017-05-18 16:42:32"
524571803,"luisguillermosr","Luis Guillermo Solís","Costa Rica","Primer Servidor de la República de Costa Rica 2014 - 2018",259862,1652,"Wed Mar 14 17:48:03 +0000 2012","1","es","http://pbs.twimg.com/profile_images/654349989536100352/RosR4Trf_normal.jpg","2017-05-18 16:43:32"
2190798482,"AndrejPlenkovic","Andrej Plenković","","Predsjednik Vlade Republike Hrvatske (@VladaRH), Predsjednik HDZ-a (@HDZ001).",11399,978,"Tue Nov 12 18:07:32 +0000 2013","1","en","http://pbs.twimg.com/profile_images/795967732873392128/a_dS0yW8_normal.jpg","2017-05-18 16:44:33"
291220589,"RaulCastroR","Raúl Castro Ruz","Cuba","Discursos y noticias de Raúl Castro, Primer Secretario del @PartidoPCC y Presidente del Consejo de Estado y de Ministro de Cuba publicadas en @Cubadebate",241702,36,"Sun May 01 17:06:49 +0000 2011","","es","http://pbs.twimg.com/profile_images/575693505932083200/6H_KwHGB_normal.jpeg","2017-05-18 16:45:33"
568981074,"AnastasiadesCY","Nicos Anastasiades","Cyprus","Νίκος Αναστασιάδης, Πρόεδρος της Κυπριακής Δημοκρατίας/ President of the Republic of Cyprus; see also @CYpresidency",61859,148,"Wed May 02 07:53:00 +0000 2012","1","en","http://pbs.twimg.com/profile_images/572695824639868928/hPf2L7QB_normal.jpeg","2017-05-18 16:46:34"
3107968048,"SlavekSobotka","Bohuslav Sobotka","","Předseda vlády a sociální demokrat",33720,121,"Mon Mar 23 16:05:46 +0000 2015","","cs","http://pbs.twimg.com/profile_images/770211826240020480/VO6ZY-rG_normal.jpg","2017-05-18 17:35:41"
26201346,"larsloekke","Lars Løkke Rasmussen","Danmark","",105910,362,"Tue Mar 24 08:39:12 +0000 2009","1","en","http://pbs.twimg.com/profile_images/610120554738266112/I4pl2ygE_normal.jpg","2017-05-18 17:36:41"
3297036587,"IsmailOguelleh","Ismail Omar Guelleh","Djibouti","Compte officiel d'Ismail Omar Guelleh, Président de la République de #Djibouti.",5794,11,"Sun May 24 20:44:23 +0000 2015","1","en","http://pbs.twimg.com/profile_images/675394439842390016/vzXfZ4cH_normal.jpg","2017-05-18 17:37:42"
4826781063,"A_Kamil_Mohamed","Abdoulkader Kamil","Djibouti","Compte officiel de Monsieur Abdoulkader Kamil Mohamed, Premier Ministre de Djibouti.",574,19,"Tue Jan 19 15:06:49 +0000 2016","","fr","http://pbs.twimg.com/profile_images/729638765937954816/cmHAOLI0_normal.jpg","2017-05-18 17:38:42"
2168930017,"SkerritR","Roosevelt Skerrit","Dominica","Prime Minister of the Commonwealth of Dominica",2401,468,"Fri Nov 01 19:00:11 +0000 2013","","en","http://pbs.twimg.com/profile_images/378800000679414311/2c2a5423a2aac533792506c8ae85005d_normal.jpeg","2017-05-18 17:39:43"
35485571,"DaniloMedina","Danilo Medina","Republica Dominicana","Presidente constitucional de la República Dominicana. Comprometido con construir un país de oportunidades y bienestar. Padre de 3 bellas hijas, esposo de Candy.",610692,7764,"Sun Apr 26 15:21:24 +0000 2009","1","es","http://pbs.twimg.com/profile_images/765579093995692034/pQr9wmf-_normal.jpg","2017-05-18 17:40:44"
376198296,"TaurMatanRuak","Taur Matan Ruak","Dili, Timor-Leste","Former leader of independence forces, head of armed forces of new democracy of Timor-Leste. Sworn in as President Timor-Leste May 20, 2012.",726,3,"Mon Sep 19 13:41:12 +0000 2011","","en","http://pbs.twimg.com/profile_images/2234284499/portrait-600_normal.jpg","2017-05-18 17:41:44"
209780362,"MashiRafael","Rafael Correa","Ecuador","Presidente Constitucional de la República del Ecuador.",3114571,9,"Fri Oct 29 22:35:33 +0000 2010","1","es","http://pbs.twimg.com/profile_images/757287979203305472/9A0uvkYN_normal.jpg","2017-05-18 17:42:44"
782910704953225216,"KerstiKaljulaid","Kersti Kaljulaid","Tallinn, Estland","Kersti Kaljulaid on Eesti Vabariigi president.

Kersti Kaljulaid is the President of Estonia",1609,2,"Mon Oct 03 11:50:32 +0000 2016","","en","http://pbs.twimg.com/profile_images/794545913259823104/arQXTD3e_normal.jpg","2017-05-18 17:43:45"
806373975894933504,"ratasjuri","Jüri Ratas","Tallinn, Estland","Eesti Vabariigi peaminister / Prime Minister of Estonia",1931,202,"Wed Dec 07 05:45:12 +0000 2016","1","en","http://pbs.twimg.com/profile_images/819820239445704704/ye5GpdbD_normal.jpg","2017-05-18 17:44:45"
4894519599,"PrimeMinisterHD","Hailemariam Desalegn","Addis Ababa, Ethiopia","Official Account of Hailemariam Desalegn, Prime Minister of Ethiopia.",803,65,"Wed Feb 10 10:18:53 +0000 2016","","en","http://pbs.twimg.com/profile_images/697366116612599808/JT5OcGDm_normal.png","2017-05-18 17:45:46"
395425451,"FijiPM","Frank Bainimarama","Suva, Fiji","The office of Frank Bainimarama, Prime Minister of the Republic of Fiji",19328,72,"Fri Oct 21 16:54:58 +0000 2011","1","en","http://pbs.twimg.com/profile_images/1599762688/Coat_of_Arms_Fiji_normal.png","2017-05-18 17:55:59"
37665086,"niinisto","Sauli Niinistö","Helsinki, Finnland","Tasavallan presidentti. Republikens president. President of the Republic of Finland | Viestit tasavallan presidentin omia. Presidentin kanslia: @TPKanslia",99110,241,"Mon May 04 14:00:11 +0000 2009","1","en","http://pbs.twimg.com/profile_images/673420359874428928/EZztR797_normal.jpg","2017-05-18 17:56:59"
212592239,"juhasipila","Juha Sipilä","Kempele","Olen pääministeri ja keskustan puheenjohtaja. | Prime Minister of Finland and Leader of the Centre Party.",83151,225,"Sat Nov 06 14:20:41 +0000 2010","","en","http://pbs.twimg.com/profile_images/448024659020103680/Ax1sidlg_normal.jpeg","2017-05-18 17:57:59"
1976143068,"EmmanuelMacron","Emmanuel Macron","France","Président de la République française.",1052969,568,"Sun Oct 20 19:35:28 +0000 2013","1","fr","http://pbs.twimg.com/profile_images/834424630630817795/TfyS4uXb_normal.jpg","2017-05-18 17:59:00"
865209540714917888,"ephilippe_lh","EPhilippe_LH","","",43,0,"Thu May 18 14:16:44 +0000 2017","","fr","http://abs.twimg.com/sticky/default_profile_images/default_profile_normal.png","2017-05-18 18:00:01"
3013693201,"PresidentABO","Ali Bongo Ondimba","Gabon","Président de la République Gabonaise",68158,4,"Sun Feb 08 18:11:21 +0000 2015","1","fr","http://pbs.twimg.com/profile_images/829240881278570500/ETtfjTgx_normal.jpg","2017-05-18 18:01:01"
2243475914,"MargvelashviliG","President Of Georgia","Tbilisi, Georgia","President of Georgia Giorgi Margvelashvili was elected on October 27, 2013 with more than 62% of the vote",9441,302,"Fri Dec 13 06:47:46 +0000 2013","","en","http://pbs.twimg.com/profile_images/638273613569884160/dSMt9zNa_normal.jpg","2017-05-18 18:16:18"
4705261516,"KvirikashviliGi","Giorgi Kvirikashvili","Tbilisi","Prime Minister of Georgia",6682,143,"Mon Jan 04 13:33:49 +0000 2016","1","en","http://pbs.twimg.com/profile_images/833981394443436032/yW2n-O_k_normal.jpg","2017-05-18 18:17:22"
247217109,"NAkufoAddo","Nana Akufo-Addo","Ghana","Official Twitter account of Nana Addo Dankwa Akufo-Addo, President of the Republic of Ghana ",231173,316,"Fri Feb 04 10:14:22 +0000 2011","1","en","http://pbs.twimg.com/profile_images/817691975981875200/z9BViYn1_normal.jpg","2017-05-18 18:18:22"
2292454922,"tsipras_eu","Alexis Tsipras","Greece","International account of the Prime Minister of Greece and President of @syriza_gr",288304,134,"Wed Jan 15 09:45:48 +0000 2014","1","en","http://pbs.twimg.com/profile_images/450651293183250433/7J-RPp4v_normal.jpeg","2017-05-18 18:19:25"
334602996,"atsipras","Alexis Tsipras","Greece","Πρόεδρος του @syriza_gr και Πρωθυπουργός @PrimeministerGR. International account: @tsipras_eu",454739,171,"Wed Jul 13 11:08:10 +0000 2011","1","en","http://pbs.twimg.com/profile_images/555354216584073217/sRa17DXd_normal.jpeg","2017-05-18 18:20:26"
1691434632,"jimmymoralesgt","Jimmy Morales","Guatemala","Presidente Constitucional de la República de Guatemala 2016-2020 Guatemala es responsabilidad de todos, trabajemos unidos.",91006,1053,"Thu Aug 22 16:09:23 +0000 2013","1","es","http://pbs.twimg.com/profile_images/758758256164626432/vHkGjLWm_normal.jpg","2017-05-18 18:32:37"
3258131078,"PresAlphaConde","Pr. Alpha CONDE","Guinea","Page officielle du Président de la République de Guinée",6601,17,"Sat Jun 27 21:18:05 +0000 2015","","en","http://pbs.twimg.com/profile_images/624613946075406336/GLUjIQZP_normal.jpg","2017-05-18 18:33:41"
723399924851691521,"MamadyYoula","Mamady Youla","Guinea","Compte Officiel du Premier Ministre de la République de Guinée",825,66,"Fri Apr 22 06:35:57 +0000 2016","","en","http://pbs.twimg.com/profile_images/723402258101096449/y9KV-nky_normal.jpg","2017-05-18 18:34:44"
732872209480491008,"USEmbalo","Umaro Sissoco Embalo","Guinea-Bissau","Prime Minister of #GuineaBissau - Brigadier General - https://t.co/6pWr2DbQnV",278,72,"Wed May 18 09:55:25 +0000 2016","","fr","http://pbs.twimg.com/profile_images/732873896463077376/cS96snPT_normal.jpg","2017-05-18 18:35:45"
3293773215,"opmguyana","OPM Guyana","Guyana","Office of The Honourable Moses V. Nagamootoo, Prime Minister of The Cooperative Republic of Guyana.",737,238,"Fri May 22 09:07:30 +0000 2015","","en","http://pbs.twimg.com/profile_images/611036223495389184/zLDzI6tf_normal.jpg","2017-05-18 18:36:47"
3221601061,"moisejovenel","Jovenel Moïse","Port-au-Prince, Haiti","58e Président de la République d'Haïti. #JM58",29714,50,"Wed May 20 15:41:26 +0000 2015","1","fr","http://pbs.twimg.com/profile_images/851945318623170560/QGHVUG86_normal.jpg","2017-05-18 18:37:47"
834614889830350848,"LafontantGuy","Jack Guy Lafontant","Haiti","Compte officiel du Premier Ministre de la République d'Haïti.",3427,17,"Thu Feb 23 04:04:30 +0000 2017","1","en","http://pbs.twimg.com/profile_images/837719615782297600/GMTLXMhH_normal.jpg","2017-05-18 18:38:49"
4023814749,"Bjarni_Ben","Bjarni Benediktsson","Island","Prime Minister of Iceland. Chairman of the Independence Party. HeForShe Champion / Forsætisráðherra Íslands. Formaður Sjálfstæðisflokksins. HeforShe-leiðtogi",4079,216,"Fri Oct 23 11:37:53 +0000 2015","1","en","http://pbs.twimg.com/profile_images/850699535773036545/4lzYC8Ve_normal.jpg","2017-05-18 18:42:34"
2558682891,"PrezMukherjee","Pranab Mukherjee","Rashtrapati Bhavan, New Delhi","The official twitter channel for the President of Republic of India. https://t.co/eNsmRfxMCV",16914,38,"Thu May 22 11:08:32 +0000 2014","","en","http://pbs.twimg.com/profile_images/698945853516574720/foHkK4yB_normal.jpg","2017-05-18 18:43:36"
18839785,"narendramodi","Narendra Modi","India","Prime Minister of India",29977996,1769,"Sat Jan 10 17:18:56 +0000 2009","1","en","http://pbs.twimg.com/profile_images/718314968102367232/ypY1GPCQ_normal.jpg","2017-05-18 18:44:37"
366987179,"jokowi","Joko Widodo","Jakarta","Akun resmi Joko Widodo, Presiden Republik Indonesia",7413009,59,"Sat Sep 03 05:21:21 +0000 2011","1","en","http://pbs.twimg.com/profile_images/682583126636236801/CI2oM7Un_normal.jpg","2017-05-18 18:45:37"
27966935,"khamenei_ir","Khamenei.ir","Tehran","Follow for regular updates and news about Ayatollah Seyed Ali Khamenei, Iran's Supreme Leader --- French  Account: @Khamenei_Fra",289973,6,"Tue Mar 31 21:25:18 +0000 2009","","en","http://pbs.twimg.com/profile_images/851708169713790976/61NVRvOG_normal.jpg","2017-05-18 18:46:38"
1404590618,"HassanRouhani","Hassan Rouhani","Tehran, Iran","President of the Islamic Republic of Iran ",622481,8,"Sun May 05 09:26:33 +0000 2013","1","en","http://pbs.twimg.com/profile_images/830606478419619840/YzhAGsju_normal.jpg","2017-05-18 18:48:37"
2734033794,"Dr_Fuad_Masum","Fuad Masum","Iraq/ Baghdad","رئيس الجمهورية العراق الدكتور فؤاد معصوم
Iraqi president Dr. Fuad Masum
سەرۆک کۆماری عێراق

https://t.co/JYJCeh91Qd",523,0,"Fri Aug 15 09:18:04 +0000 2014","","en","http://pbs.twimg.com/profile_images/500211870758760448/EFq9r12b_normal.jpeg","2017-05-18 18:49:38"
80817491,"HaiderAlAbadi","Haider Al-Abadi","Baghdad, Iraq","Prime Minister of Iraq | Former Deputy Speaker of CoR | MP since 2006 | Former Chairman Finance Committee | Former Chairman of Economic & Investment Committee",345440,0,"Thu Oct 08 10:28:56 +0000 2009","1","en","http://pbs.twimg.com/profile_images/505914502521843712/EjZe_ZKG_normal.jpeg","2017-05-18 18:50:39"
569892832,"PresidentIRL","President of Ireland","Ireland","Tweets from Áras an Uachtaráin, with updates on the work of Uachtarán na hÉireann Michael D. Higgins. Policy: https://t.co/lMY8qHBQE9",25828,137,"Thu May 03 11:17:47 +0000 2012","1","en","http://pbs.twimg.com/profile_images/768749418187292672/TSQViQLu_normal.jpg","2017-05-18 18:51:39"
135514272,"EndaKennyTD","Enda Kenny","Ireland","Taoiseach, Leader of @FineGael, husband and father.",61872,602,"Wed Apr 21 14:25:46 +0000 2010","1","en","http://pbs.twimg.com/profile_images/602796388557189120/CU6USdKm_normal.jpg","2017-05-18 18:52:40"
2889520524,"PresidentRuvi","Reuven Rivlin","Jerusalem, Israel","Follow for live updates from the 10th President of the State of Israel - Official Account",36119,174,"Tue Nov 04 09:22:14 +0000 2014","1","en","http://pbs.twimg.com/profile_images/529564513423462401/7Dk1yS03_normal.jpeg","2017-05-18 18:53:43"
406869976,"PaoloGentiloni","Paolo Gentiloni","","Presidente del Consiglio dei Ministri - Italian Prime Minister",166523,551,"Mon Nov 07 09:36:34 +0000 2011","1","it","http://pbs.twimg.com/profile_images/805706585502846976/UK-h6rmo_normal.jpg","2017-05-18 19:04:32"
841211876776259585,"KingAbdullahII","عبدالله بن الحسين","Haschemitisches Königreich Jor","عبدالله بن الحسين، ملك المملكة الأردنية الهاشمية
Abdullah bin AlHussein, King of Jordan",320577,0,"Mon Mar 13 08:58:35 +0000 2017","1","en","http://pbs.twimg.com/profile_images/845985887385260032/d60CRSpn_normal.jpg","2017-05-18 19:08:40"
17061263,"netanyahu","Benjamin Netanyahu","Israel","ראש ממשלת ישראל ויו''ר הליכוד. נשוי לשרה ואב לשלושה • Prime Minister of Israel, Chairman of the Likud Party, husband of Sara, father of three.",926285,29,"Thu Oct 30 06:40:51 +0000 2008","1","en","http://pbs.twimg.com/profile_images/564353911473967104/rDqJgxFZ_normal.jpeg","2017-05-18 19:28:42"
86037380,"adosolutions","Alassane Ouattara","Elfenbeinküste","Profil officiel d’Alassane Ouattara, Président de la République de Côte d’Ivoire.",228255,40,"Thu Oct 29 10:32:52 +0000 2009","","fr","http://pbs.twimg.com/profile_images/792139884907626496/1sTw3OYZ_normal.jpg","2017-05-18 19:30:43"
382671909,"AndrewHolnessJM","Andrew Holness","Jamaica","Father of two, @JulietHolness' Husband, Prime Minister of Jamaica, Leader of @JLPJamaica. Tweets may be archived.",35389,188,"Fri Sep 30 13:52:28 +0000 2011","1","en","http://pbs.twimg.com/profile_images/727347699251453952/TnmznQ7n_normal.jpg","2017-05-18 19:31:44"
468122115,"AbeShinzo","安倍晋三","","衆議院議員安倍晋三（あべしんぞう）の公式twitterです。 
Prime Minister of Japan. Leader of Liberal Democratic Party.",689812,17,"Thu Jan 19 06:02:29 +0000 2012","1","ja","http://pbs.twimg.com/profile_images/1765776666/s-abetwitter1_normal.png","2017-05-18 19:32:45"
183165874,"UKenyatta","Uhuru Kenyatta","Nairobi, Kenya","President of The Republic of Kenya.",2091476,34,"Thu Aug 26 09:10:44 +0000 2010","1","en","http://pbs.twimg.com/profile_images/3497293273/e25b422024532a6f240686a76c5364ef_normal.jpeg","2017-05-18 19:34:46"
113691546,"Vejonis","Raimonds Vējonis","LATVIA","Valsts prezidents, vienkārši cilvēks",59781,932,"Fri Feb 12 17:59:00 +0000 2010","","en","http://pbs.twimg.com/profile_images/621360116382715904/KUX_ihPx_normal.jpg","2017-05-18 19:35:46"
912753266,"MarisKucinskis","Maris Kucinskis","","",3187,946,"Mon Oct 29 16:17:12 +0000 2012","","en","http://pbs.twimg.com/profile_images/700792735779975169/2hUdkIxr_normal.jpg","2017-05-18 19:36:47"
956256691,"General_Aoun","General Michel Aoun","Baabda, #Lebanon","Président de la République libanaise - President of the Lebanese Republic - فخامة رئيس الجمهورية اللبنانية",59520,0,"Sun Nov 18 21:19:04 +0000 2012","1","en","http://pbs.twimg.com/profile_images/798798880313704448/mJMmhsi4_normal.jpg","2017-05-18 19:37:47"
79942437,"saadhariri","Saad Hariri","Beirut, Lebanon","President of the Council of Ministers of Lebanon رئيس مجلس وزراء لبنان | مشاركات الرئيس توقّع SH | بإدارة قسم الاعلام الجديد ووسائل التواصل الاجتماعي",1013947,426,"Mon Oct 05 06:30:46 +0000 2009","1","en","http://pbs.twimg.com/profile_images/805914750840426497/ogo5FjsC_normal.jpg","2017-05-18 19:38:47"
316668206,"adrian_hasler","Adrian Hasler","Liechtenstein","",657,51,"Mon Jun 13 19:54:04 +0000 2011","","de","http://pbs.twimg.com/profile_images/507187869287346176/Ce2Gnm4y_normal.jpeg","2017-05-18 19:39:48"
961974776,"Grybauskaite_LT","Dalia Grybauskaitė","","President of the Republic of Lithuania",141626,251,"Wed Nov 21 07:59:56 +0000 2012","1","en","http://pbs.twimg.com/profile_images/503827635374268417/M1INJfDz_normal.jpeg","2017-05-18 19:40:48"
173929268,"Xavier_Bettel","Xavier Bettel","Luxembourg","Official account of Xavier Bettel, Prime Minister of Luxembourg. Personal tweets by the Prime Minister are signed « XB ».",55724,79,"Mon Aug 02 18:18:31 +0000 2010","1","en","http://pbs.twimg.com/profile_images/719481253033062402/Oh8lJGZN_normal.jpg","2017-05-18 19:41:49"
16389180,"NajibRazak","Mohd Najib Tun Razak","Malaysia","Prime Minister of Malaysia, working towards a #BetterNation",3492968,156,"Sun Sep 21 09:43:59 +0000 2008","1","en","http://pbs.twimg.com/profile_images/526212687101820929/wmAKmxjb_normal.jpeg","2017-05-18 19:42:49"
2199759421,"PresidentYameen","Abdulla Yameen","Maldives","The official twitter profile of the President of the Republic of Maldives",5331,35,"Sun Nov 17 16:03:29 +0000 2013","","en","http://pbs.twimg.com/profile_images/630004609558319104/8L0qk5sl_normal.jpg","2017-05-18 19:43:50"
2467568810,"presidentMT","Marie-Louise Coleiro","Malta","This is the Official Twitter Profile of Marie-Louise Coleiro Preca - President of Malta.",7043,521,"Mon Apr 28 10:52:15 +0000 2014","1","en","http://pbs.twimg.com/profile_images/469086077580353536/Nc4CLEyy_normal.jpeg","2017-05-18 19:44:50"
29466039,"JosephMuscat_JM","Joseph Muscat","Malta","Prime Minister and Leader of the Labour Party - Malta. This profile is run by the PL campaign team. Personal tweets by Joseph Muscat are signed -JM.",47532,196,"Tue Apr 07 15:07:23 +0000 2009","1","en","http://pbs.twimg.com/profile_images/859455675168063489/awqKWGwJ_normal.jpg","2017-05-18 19:45:51"
809377920242319360,"President_Heine","Dr. Hilda C. Heine","Aur & Majuro Atolls","President of the Republic of the Marshall Islands. First female leader in the Pacific. Passionate about education, women's rights and the climate change fight.",472,2,"Thu Dec 15 12:41:48 +0000 2016","1","en","http://pbs.twimg.com/profile_images/809382335720419328/qIX6iESR_normal.jpg","2017-05-18 19:46:52"
157253297,"aguribfakim","Ameenah Gurib-Fakim","Mauritius","6th President of the Republic of Mauritius",6412,2140,"Sat Jun 19 08:14:58 +0000 2010","","en","http://pbs.twimg.com/profile_images/677741908773486592/kkyTVHoE_normal.jpg","2017-05-18 19:47:52"
821428853922856960,"pjugnauth","Pravind Jugnauth","Republik Mauritius","Bienvenue sur la page Twitter officielle de l’Honorable Pravind Kumar Jugnauth, le Premier ministre de la République de Maurice.",135,3,"Tue Jan 17 18:47:55 +0000 2017","","en","http://pbs.twimg.com/profile_images/823493375932465153/eUwBr4fr_normal.jpg","2017-05-18 19:48:53"
2897441,"EPN","Enrique Peña Nieto","México","Presidente de los Estados Unidos Mexicanos. https://t.co/zYLzwNEiAg https://t.co/P5BlmQE2yg",6380051,293,"Thu Mar 29 21:37:03 +0000 2007","1","es","http://pbs.twimg.com/profile_images/858920695228661760/232QfvrT_normal.jpg","2017-05-18 19:49:53"
3534731776,"dodon_igor","Dodon Igor","Moldawien","Pagina oficiala de Twitter Președintele Republicii Moldova. Официальный твиттер Президента РМ The official twitter for President of the Republic of Moldova",1647,86,"Thu Sep 03 14:09:42 +0000 2015","","ru","http://pbs.twimg.com/profile_images/639440540530966528/MlYJmP5U_normal.jpg","2017-05-18 19:50:54"
542773154,"filip_pavel","Pavel Filip","Chisinau","Prime Minister of Moldova, proud husband and father. Passionate for good governance and technology. This account is managed by me and my team.",533,146,"Sun Apr 01 18:56:14 +0000 2012","","en","http://pbs.twimg.com/profile_images/722768760285827072/4qeevWrT_normal.jpg","2017-05-18 19:51:54"
238480712,"elbegdorj","Цахиагийн ЭЛБЭГДОРЖ","Ulaanbaatar, Mongolia","Tsakhiagiin ELBEGDORJ, President of Mongolia | Монгол Улсын Ерөнхийлөгч
| МОНГОЛ УЛСЫН ТӨЛӨӨ ЗҮТГЭЕ! |",256719,3326,"Sat Jan 15 07:59:26 +0000 2011","1","en","http://pbs.twimg.com/profile_images/607371448915628032/0JJ6ff_8_normal.jpg","2017-05-18 19:52:54"
309032583,"MeGovernment","Govt. of Montenegro","Montenegro","Most interesting updates from ",33341,866,"Wed Jun 01 12:24:12 +0000 2011","1","en","http://pbs.twimg.com/profile_images/746330162866819072/Jn_WhVz6_normal.jpg","2017-05-18 19:53:55"
3369580935,"MoroccanMonarch","TheMoroccanMonarchy","Kingdom of Morocco  ","Updates and pictures about the work and activities of King Mohammed VI of Morocco and the Royal Family.",1711,21,"Fri Jul 10 18:55:15 +0000 2015","","nl","http://pbs.twimg.com/profile_images/803251849012842496/aIzAQcFT_normal.jpg","2017-05-18 19:54:56"
2650979022,"FilipeNyusi","Filipe Nyusi","Moçambique","Candidato da FRELIMO à Presidência da República de Moçambique, nas eleições gerais e provinciais de 15 de Outubro de 2014",998,1208,"Wed Jul 16 13:10:16 +0000 2014","","en","http://pbs.twimg.com/profile_images/520161316242075648/aNWaSEiZ_normal.jpeg","2017-05-18 19:55:57"
1961322822,"OfficialSuuKyi","AungSanSuuKyi","Yangon, Myanmar","Mother, democracy and human rights advocate, MP, author!  This account is run by Political Aides. Tweets from Aung San Suu Kyi are signed (ASSK)",7603,153,"Mon Oct 14 21:32:24 +0000 2013","","en","http://pbs.twimg.com/profile_images/378800000597268827/154f12e16a4586d87bf46a30b139ea33_normal.jpeg","2017-05-18 19:56:57"
2515899612,"hagegeingob","Hage Geingob","Namibia","President of the Republic  of Namibia",65569,77,"Thu May 22 17:17:17 +0000 2014","","en","http://pbs.twimg.com/profile_images/856354255132930053/fzZD67Ms_normal.jpg","2017-05-18 19:57:58"
4230586514,"president_nepal","Bidhya Devi Bhandari","Nepal","This account is handled by media team supporting President Bhandari. Tweets by President are followed by signature - President",1088,9,"Sat Nov 14 04:05:02 +0000 2015","","en","http://pbs.twimg.com/profile_images/665380918173958144/k7Ogbl5p_normal.jpg","2017-05-18 19:58:58"
16708728,"markrutte","Mark Rutte","Den Haag, Niederlande","Minister-president van Nederland",99936,1,"Sun Oct 12 15:24:42 +0000 2008","1","en","http://pbs.twimg.com/profile_images/823552096196759553/4K524UY5_normal.jpg","2017-05-18 19:59:58"
31634233,"pmbillenglish","Bill English","Wellington, NZ","Authorised by B English MP, Parliament, Wgtn. This a/c administered by the National Party Leader's Office. For OIA requests email: b.english@ministers.govt.nz",17910,641,"Thu Apr 16 03:53:57 +0000 2009","1","en","http://pbs.twimg.com/profile_images/827221283020558336/9lZOiNeM_normal.jpg","2017-05-18 20:00:59"
4821435801,"Issoufoumhm","Issoufou Mahamadou","Niger","Compte officiel d'Issoufou Mahamadou, Président de la République du Niger.",6635,11,"Sun Jan 17 16:40:36 +0000 2016","","fr","http://pbs.twimg.com/profile_images/694498795271372800/M3O6qPVX_normal.jpg","2017-05-18 20:01:59"
2936714848,"MBuhari","Muhammadu Buhari","","This is the official account of Muhammadu Buhari, President of Nigeria",1030422,22,"Mon Dec 22 08:56:35 +0000 2014","1","en","http://pbs.twimg.com/profile_images/841563857558593537/aUO1t5Y7_normal.jpg","2017-05-18 20:03:00"
2914442873,"ProfOsinbajo","Prof Yemi Osinbajo","Nigeria ","Official handle for Professor Yemi Osinbajo, SAN, Nigeria's Vice President. Tweets by him are signed YO",981028,58,"Wed Dec 10 21:21:27 +0000 2014","1","en","http://pbs.twimg.com/profile_images/606822857616683008/MFNS8iQ4_normal.jpg","2017-05-18 20:04:00"
16432083,"erna_solberg","Erna Solberg","Hordaland, Bergen","Statsminister i Norge. Jobber for et samfunn med muligheter for alle.
For saker til forvaltningen, henvend deg til rette myndighet for saksbehandling.",227951,1526,"Wed Sep 24 08:16:45 +0000 2008","1","en","http://pbs.twimg.com/profile_images/392726189/ernatwitter_normal.jpg","2017-05-18 20:05:01"
2349626330,"TommyRemengesau","Tommy Remengesau, Jr","Republic of Palau","Alii and welcome to the official Twitter account for the President of the Republic of #Palau-- Tommy E. Remengesau, Jr.!",912,185,"Tue Feb 18 05:54:51 +0000 2014","","en","http://pbs.twimg.com/profile_images/674103999008608256/YOmcewWK_normal.jpg","2017-05-18 20:06:01"
745321697344032768,"president_abbas","Pres. Mahmoud Abbas","Ramallah","Welcome to the Palestinian President Mahmoud Abbas’ Official twitter account.",1382,28,"Tue Jun 21 18:25:14 +0000 2016","","en","http://pbs.twimg.com/profile_images/745323898825105408/lPNhdSU6_normal.jpg","2017-05-18 20:07:02"
1494909290,"RamiHamdalla","Rami Hamdallah","Palestine","Official Twitter account of the Prime Minister of Palestine, Dr. Rami Hamdallah. Tweets from Dr. Hamdallah signed ~RH",1776,26,"Sun Jun 09 07:24:53 +0000 2013","1","en","http://pbs.twimg.com/profile_images/803569752819937280/TDDzxZtP_normal.jpg","2017-05-18 20:08:02"
216457140,"JC_Varela","Juan Carlos Varela","República de Panamá","Presidente Constitucional de la República de Panamá.",434382,1151,"Tue Nov 16 19:47:55 +0000 2010","1","es","http://pbs.twimg.com/profile_images/816754669687029766/L2E4lZCS_normal.jpg","2017-05-18 20:09:03"
2726058284,"PM_GOV_PG","PM O'Neill","Papua New Guinea","Hon Peter O'Neill CMG MP,
Prime Minister of Papua New Guinea",1401,237,"Tue Aug 12 12:08:56 +0000 2014","","en","http://pbs.twimg.com/profile_images/499173920100986881/u4Hpn0hb_normal.jpeg","2017-05-18 20:10:04"
361445173,"Horacio_Cartes","Horacio_Cartes","","Cuenta oficial del Presidente Constitucional de la República del Paraguay",342339,138,"Wed Aug 24 20:04:17 +0000 2011","1","es","http://pbs.twimg.com/profile_images/606908562800050176/J-X5RhJA_normal.jpg","2017-05-18 20:11:04"
46485425,"ppkamigo","PedroPablo Kuczynski","Perú","Nací en Lima, crecí en Iquitos y Puno. Soy economista, profesor y músico que sueña con un Perú mejor.",951549,4115,"Thu Jun 11 20:42:07 +0000 2009","1","es","http://pbs.twimg.com/profile_images/804670530141962241/ogAdD6YD_normal.jpg","2017-05-18 20:12:05"
35279819,"fzavalal","Fernando Zavala","Lima","Sigo aprendiendo. Intentando innovar siempre y contribuyendo con mi pais.",47138,649,"Sat Apr 25 18:48:06 +0000 2009","","en","http://pbs.twimg.com/profile_images/521507936212758528/51wOEV9f_normal.jpeg","2017-05-18 20:13:06"
630725815,"RRD_Davao","Rodrigo R. Duterte","Davao City, Philippines","The Official TWITTER of Rodrigo R. Duterte",157562,1,"Mon Jul 09 02:47:33 +0000 2012","","en","http://pbs.twimg.com/profile_images/2380775843/rrd_1_normal.jpeg","2017-05-18 20:14:06"
202086424,"AndrzejDuda","Andrzej Duda","Kraków","",662711,809,"Wed Oct 13 07:58:45 +0000 2010","","en","http://pbs.twimg.com/profile_images/556495456805453826/wKEOCDN0_normal.png","2017-05-18 20:15:07"
76979225,"BeataSzydlo","Beata Szydło","","Prezes Rady Ministrów RP",186284,490,"Thu Sep 24 16:26:48 +0000 2009","","pl","http://pbs.twimg.com/profile_images/857169188405825537/tCw9jKnH_normal.jpg","2017-05-18 20:16:07"
719973675894775808,"marcelorebelo_","Marcelo Rebelo Sousa","Lisboa, Portugal","Bem-Vindo ao Twitter Oficial do Presidente da República Portuguesa, Católico Romano, 67 Anos, Português, Marcelo Rebelo de Sousa.",3172,89,"Tue Apr 12 19:41:15 +0000 2016","","pt","http://pbs.twimg.com/profile_images/719983777586536449/EU-19IkT_normal.jpg","2017-05-18 20:17:08"
718009445863788544,"antoniocostapm","António Costa","Portugal","Primeiro-Ministro de Portugal. Sigam também o XXI Governo em @govpt",21512,256,"Thu Apr 07 09:36:06 +0000 2016","1","pt","http://pbs.twimg.com/profile_images/739719829968592896/CMUlGLPb_normal.jpg","2017-05-18 20:18:08"
2765824141,"KlausIohannis","Klaus Iohannis","Bucureşti, România","President of Romania",30022,42,"Mon Aug 25 09:00:22 +0000 2014","","en","http://pbs.twimg.com/profile_images/821689301025095680/GXgUOTF3_normal.jpg","2017-05-18 20:19:09"
932196612,"PutinRF_Eng","Vladimir Putin","Kremlin, Moscow","The official twitter channel for President of the Russian Federation. Tweets from the President are signed #VP",635865,18,"Wed Nov 07 14:41:38 +0000 2012","","ru","http://pbs.twimg.com/profile_images/2821613356/a15ac328aca48742f6fea77546671b70_normal.jpeg","2017-05-18 20:20:09"
153810519,"MedvedevRussiaE","Dmitry Medvedev","Moscow, Russia","Prime Minister of Russia. For tweets in Russian, follow @MedvedevRussia",1143608,26,"Wed Jun 09 14:36:47 +0000 2010","1","en","http://pbs.twimg.com/profile_images/2348669225/5sfntu2zxyvans8vf9n8_normal.png","2017-05-18 20:21:10"
37601149,"PaulKagame","Paul Kagame","Rwanda, Africa","President of the Republic of Rwanda, write to: paulkagame@gov.rw",1634912,136,"Mon May 04 05:16:24 +0000 2009","1","en","http://pbs.twimg.com/profile_images/772920107299373060/xmGFMSG0_normal.jpg","2017-05-18 20:22:10"
319286650,"amurekezi","Murekezi Anastase","Kigali, Rwanda","Prime Minister of Rwanda",16970,60,"Fri Jun 17 21:29:38 +0000 2011","","en","http://pbs.twimg.com/profile_images/507875880060731392/gwEjnW3x_normal.jpeg","2017-05-18 20:23:11"
773983895792431104,"pmharriskn","Timothy Harris","Saint Kitts und Nevis","Official Prime Minister of St Kitts & Nevis",451,164,"Thu Sep 08 20:38:35 +0000 2016","","en","http://pbs.twimg.com/profile_images/801534193419304961/6kzZjRim_normal.jpg","2017-05-18 20:24:11"
1598465718,"AllenChastanet","Allen Chastanet","St.Lucia","Managing Director


Coco Resorts
October 2003 – Present (9 years 10 months)|Rodney Bay

Economist


Government of Saint Lucia
1984 – 1987 (3 years)",115,17,"Tue Jul 16 14:08:48 +0000 2013","","en","http://pbs.twimg.com/profile_images/378800000142535477/60b488e2316bc250114cd70800f7d2d3_normal.jpeg","2017-05-18 20:25:12"
3803228357,"ComradeRalph","Ralph Gonsalves","","Prime Minister of St. Vincent and the Grenadines.",269,5,"Mon Sep 28 11:32:55 +0000 2015","","en","http://pbs.twimg.com/profile_images/648982146170929152/I-GAFsAW_normal.jpg","2017-05-18 20:26:12"
1016451774,"samoagovt","Government of Samoa","Apia, Samoa ","Official Twitter account of the Government of Samoa | Tweets by the Press Secretary |",2147,252,"Mon Dec 17 01:47:22 +0000 2012","","en","http://pbs.twimg.com/profile_images/2984933325/77edac71333f44b6f0c49fe820f9bdc1_normal.jpeg","2017-05-18 20:27:13"
1225118581,"PatriceTrovoada","Patrice Trovoada","","",71,38,"Wed Feb 27 14:32:18 +0000 2013","","en","http://pbs.twimg.com/profile_images/3585081152/a80a8a47d7327d90a07e7379ffec339a_normal.jpeg","2017-05-18 20:28:13"
1072915220,"KingSalman","سلمان بن عبدالعزيز","المملكة العربية السعودية","الحساب الرسمي لخادم الحرمين الشريفين الملك سلمان بن عبدالعزيز آل سعود، ملك المملكة العربية السعودية",6142911,0,"Wed Jan 09 05:41:34 +0000 2013","1","en","http://pbs.twimg.com/profile_images/3127745865/dd05f22753691b28ce2a8884ccf9e6cf_normal.jpeg","2017-05-18 20:29:14"
197493438,"Macky_Sall","Macky SALL","Sénégal","Président de la République du Sénégal, Président en exercice du Comité d’orientation des chefs d’Etat et de gouvernement du Nepad.",228147,160,"Fri Oct 01 17:05:26 +0000 2010","1","fr","http://pbs.twimg.com/profile_images/776787753233215488/vH6DsLIH_normal.jpg","2017-05-18 20:30:14"
1549820731,"predsednikSR","Tomislav Nikolic","Београд, Србија","Председник Републике Србије.",2051,64,"Thu Jun 27 05:04:12 +0000 2013","","en","http://pbs.twimg.com/profile_images/378800000052166271/41fe8b0714dc1b4e4cf3c8c01363ee17_normal.jpeg","2017-05-18 20:31:15"
737018680693903364,"VucicAlexandar","Aleksandar Vucic","Belgrad, Republik Serbien","Званични твитер налог председника Владе Републике Србије / The official Twitter channel of the Prime Minister of the Republic of Serbia",2393,6,"Sun May 29 20:32:01 +0000 2016","","en","http://pbs.twimg.com/profile_images/737019141849153536/f6Nvp2Gp_normal.jpg","2017-05-18 20:32:15"
798053584206266368,"DannyFaure","Danny Faure","Seychellen","President of the Republic of Seychelles.",512,38,"Mon Nov 14 06:42:56 +0000 2016","","en-gb","http://pbs.twimg.com/profile_images/803135286767210501/wEmhL-Ev_normal.jpg","2017-05-18 20:33:16"
1069973798,"ebkoroma","Ernest Bai Koroma","Freetown, Sierra Leone","I am Ernest Bai Koroma, President of the Republic of Sierra Leone. I became President of Sierra Leone in 2007 and I was re-elected for a second term - Nov. 2012",1020,10,"Tue Jan 08 04:34:19 +0000 2013","","en","http://pbs.twimg.com/profile_images/3091250685/db176da7b70bba9931f6e1c2c208e8b1_normal.jpeg","2017-05-18 20:34:16"
34568673,"leehsienloong","Lee Hsien Loong","","Prime Minister of Singapore, and leader of @PAPSingapore. This account is maintained by the Prime Minister’s Office. Tweets by Mr Lee are signed LHL.",530505,20,"Thu Apr 23 08:39:15 +0000 2009","1","en","http://pbs.twimg.com/profile_images/861402850936541185/oyXG9VB9_normal.jpg","2017-05-18 20:35:17"
2558812321,"Andrej_Kiska","Andrej Kiska","Slowakische Republik","President of the Slovak Republic",67922,24,"Tue Jun 10 11:15:02 +0000 2014","1","en","http://pbs.twimg.com/profile_images/476362047978889216/Uh6j0HFn_normal.jpeg","2017-05-18 20:36:17"
88427076,"RobertFico","Robert Fico","Bratislava","Predseda vlády SR, právnik, predseda strany SMER – sociálna demokracia",1482,8,"Sun Nov 08 14:17:29 +0000 2009","","en","http://pbs.twimg.com/profile_images/558567486/Robert-Fico_normal.jpg","2017-05-18 20:37:18"
634463033,"BorutPahor","Borut Pahor","","Uradni račun predsednika Republike Slovenije Boruta Pahorja. Tvita ekipa, tviti PRS označeni z BP/Official channel of the President of the Republic of Slovenia",50284,722,"Fri Jul 13 10:24:05 +0000 2012","1","en","http://pbs.twimg.com/profile_images/741288839315083265/_5l6Q2-E_normal.jpg","2017-05-18 20:38:18"
1655801280,"MiroCerar","dr. Miro Cerar","Slovenia","Prime Minister of the Republic of Slovenia. Uradni račun predsednika @VladaRS in predsednika @StrankaSMC. Tvita PR Kabineta predsednika vlade.",25634,619,"Thu Aug 08 17:22:51 +0000 2013","1","en","http://pbs.twimg.com/profile_images/483712424042692608/E-fWpi4__normal.jpeg","2017-05-18 20:39:19"
812627249446780928,"M_Farmaajo","Mohamed Farmaajo","Somalia","9th President of Federal Republic of Somalia H.E Mohamed Abdullahi Mohamed Farmaajo.",40413,21,"Sat Dec 24 11:53:28 +0000 2016","1","en","http://pbs.twimg.com/profile_images/829679565375209472/BaBMFtnR_normal.jpg","2017-05-18 20:41:20"
1144935463,"SomaliPM","SomaliPM","Mogadishu, Somalia","Official Twitter account of the Somalia Prime Minister His Excellency Hassan Ali Khayre. Re-tweet doesn't mean endorsement.",111959,275,"Sun Feb 03 11:31:00 +0000 2013","1","en","http://pbs.twimg.com/profile_images/858290226376081408/bF42FHP6_normal.jpg","2017-05-18 20:42:20"
295663598,"SAPresident","Jacob G. Zuma","Pretoria, South Africa","President of the Republic of South Africa.",424712,5,"Mon May 09 13:09:12 +0000 2011","1","en","http://pbs.twimg.com/profile_images/1345284940/President_Jacob_Zuma_Official_normal.jpg","2017-05-18 20:43:21"
2877922900,"PresidentKiir","Salva Kiir Mayardit","Juba - South Sudan","President Of Republic Of South Sudan",505,21,"Sat Nov 15 11:40:35 +0000 2014","","en","http://pbs.twimg.com/profile_images/564387468149919746/1o5w_YKw_normal.jpeg","2017-05-18 20:44:21"
2497155462,"CasaReal","Casa de S.M. el Rey","Spain","Información e imágenes sobre la actividad de la Familia Real española y la Casa de S.M. el Rey. Normas de uso http://t.co/un8JnSHqUS",579599,15,"Thu May 15 21:12:16 +0000 2014","1","es","http://pbs.twimg.com/profile_images/484304754013519874/Arq6wB95_normal.jpeg","2017-05-18 20:45:22"
343447873,"marianorajoy","Mariano Rajoy Brey","","Presidente del Gobierno y del @PPopular. Casado, padre de dos hijos. Trabajo por una #España con más empleo, oportunidades y bienestar.",1389950,13250,"Wed Jul 27 15:59:22 +0000 2011","1","es","http://pbs.twimg.com/profile_images/849370288898887680/ILy6BiPU_normal.jpg","2017-05-18 20:46:26"
3002789437,"MaithripalaS","Maithripala Sirisena","Sri Lanka","Official Twitter account of Maithripala Sirisena, the President of Sri Lanka.",133459,5,"Fri Jan 30 03:31:10 +0000 2015","1","en","http://pbs.twimg.com/profile_images/604677924952752129/gcTy8PRT_normal.jpg","2017-05-18 21:06:25"
2913830408,"RW_UNP","Ranil Wickremesinghe","Sri Lanka","Prime Minister of the Democratic Socialist Republic of Sri Lanka",113201,115,"Sat Nov 29 14:44:13 +0000 2014","","en","http://pbs.twimg.com/profile_images/634696997228797952/Z3wKMWq4_normal.png","2017-05-18 21:07:25"
177882857,"DBouterse","Desi Bouterse","Paramaribo","President of the Republic of Suriname
**NEKS NOH FOUT!**",615,0,"Fri Aug 13 08:48:10 +0000 2010","","en","http://pbs.twimg.com/profile_images/3502325990/9c78fd34e3f49cb066754a0d89c39b4a_normal.jpeg","2017-05-18 21:08:26"
747426555417198592,"SwedishPM","SwedishPM","","News and speeches from Prime Minister Stefan Löfven. For questions and netiquette, see government.se. The Prime Minister’s tweets are signed like this: /S.",19000,0,"Mon Jun 27 13:49:12 +0000 2016","1","sv","http://pbs.twimg.com/profile_images/747437401316921345/M9eNMkTW_normal.jpg","2017-05-18 21:09:26"
214032204,"alain_berset","Alain Berset","Suisse","Conseiller fédéral - Chef du Département fédéral de l'Intérieur Bundesrat - Vorsteher Eidg. Departement des Innern",74243,787,"Wed Nov 10 11:49:53 +0000 2010","1","fr","http://pbs.twimg.com/profile_images/682937888825315328/NcV6Lgs5_normal.jpg","2017-05-18 21:10:27"
2965582641,"_BR_JSA","J N Schneider-Ammann","Bern","Bundesrat – Vorsteher WBF – Conseiller fédéral – Chef du DEFR",7081,9,"Wed Jan 07 07:09:48 +0000 2015","1","de","http://pbs.twimg.com/profile_images/552730986186690561/KVn_RLE8_normal.jpeg","2017-05-18 21:11:28"
276380526,"EmomaliRahmon","Emomali Rahmon","Душанбе |Dushanbe|","The President of Republic of Tajikistan.",858,0,"Sun Apr 03 07:14:32 +0000 2011","","en","http://pbs.twimg.com/profile_images/522135218791006208/gzmsSt5Y_normal.jpeg","2017-05-18 21:12:29"
3378377920,"MagufuliJP","Dr John Magufuli","Tanzania","The Fifth President of The United Republic of Tanzania.",260797,93,"Thu Jul 16 04:46:06 +0000 2015","1","en","http://pbs.twimg.com/profile_images/674667814561665025/QwKQOSdg_normal.jpg","2017-05-18 21:13:29"
4582061975,"majaliwa_kassim","Majaliwa Kassim","Tansania","10th Prime Minister of The United Republic of Tanzania",14460,4,"Wed Dec 23 20:39:43 +0000 2015","","en","http://pbs.twimg.com/profile_images/679766763068899328/lSOCnoK2_normal.jpg","2017-05-18 21:14:30"
2799515463,"FEGnassingbe","Faure E. Gnassingbe","Lomé, Togo","Président de la République Togolaise.",9659,3,"Thu Oct 02 07:57:05 +0000 2014","","fr","http://pbs.twimg.com/profile_images/788323523844505604/vChOimQp_normal.jpg","2017-05-18 21:15:30"
562244302,"DrKeithRowley","Keith Rowley","","",5280,115,"Tue Apr 24 18:32:23 +0000 2012","","en","http://pbs.twimg.com/profile_images/378800000474764697/14b28357ccf99a24f8a64bf362b420b3_normal.jpeg","2017-05-18 21:16:30"
2799385956,"BejiCEOfficial","Beji Caid Essebsi","","الحساب الرسمي للباجي قائد السبسي الرئيس الخامس للجمهورية التونسية",33213,15,"Tue Sep 09 07:44:06 +0000 2014","","fr","http://pbs.twimg.com/profile_images/711555535611428864/6LSUJN53_normal.jpg","2017-05-18 21:17:31"
760470697621721088,"YoCh_Official","Youssef Chahed","Tunesien","رئيس حكومة الوحدة الوطنية",13363,13,"Tue Aug 02 13:41:58 +0000 2016","","en","http://pbs.twimg.com/profile_images/804301836698222592/Thigaz_U_normal.jpg","2017-05-18 21:18:32"
68034431,"RT_Erdogan","Recep Tayyip Erdoğan","Ankara, Turkey","Türkiye Cumhuriyeti Cumhurbaşkanı - President of the Republic of Turkey",10256052,2,"Sun Aug 23 01:13:44 +0000 2009","1","tr","http://pbs.twimg.com/profile_images/660430083753136128/dzWitvi2_normal.jpg","2017-05-18 21:19:14"
885222182,"BA_Yildirim","Binali Yıldırım","Türkiye","Türkiye Cumhuriyeti Başbakanı, 58, 59, 60, 61 ve 64.Dönem Ulaştırma, Denizcilik ve Haberleşme Bakanı, AK Parti İzmir Milletvekili/Binali YILDIRIM FAN sayfasıdır",951762,55,"Tue Oct 16 20:16:42 +0000 2012","","tr","http://pbs.twimg.com/profile_images/657959761007267840/EEXJWhmE_normal.jpg","2017-05-18 21:19:17"
126955629,"KagutaMuseveni","Yoweri K Museveni","Uganda","President of the Republic of Uganda",413051,21,"Sat Mar 27 15:08:09 +0000 2010","1","en","http://pbs.twimg.com/profile_images/662991576977776641/CVVRuxTR_normal.jpg","2017-05-18 21:19:17"
2776823057,"RuhakanaR","Dr. Ruhakana Rugunda","","Prime Minister of the Republic of Uganda and Leader of Government Business in Parliament",43667,79,"Fri Sep 19 19:37:08 +0000 2014","","en","http://pbs.twimg.com/profile_images/533699982248136704/WV1qk4f__normal.jpeg","2017-05-18 21:19:20"
2423747006,"poroshenko","Петро Порошенко","","Президент України,                                                                                           The President of Ukraine",1126751,25,"Wed Apr 02 12:41:51 +0000 2014","1","en","http://pbs.twimg.com/profile_images/622151044831776768/BQ5ifWI__normal.png","2017-05-18 21:19:21"
4830245355,"VGroysman","Volodymyr Groysman","Ukraine","Офіційна сторінка Прем’єр-міністра України",40658,98,"Wed Jan 20 17:34:04 +0000 2016","1","uk","http://pbs.twimg.com/profile_images/731934449030438912/y4WAUhiF_normal.jpg","2017-05-18 21:19:21"
471010707,"MBZNews","أخبار محمد بن زايد","UAE","حساب تويتر الرسمي لأخبار صاحب السمو الشيخ محمد بن زايد آل نهيان The official twitter account for the news of HH Mohamed bin Zayed Al Nahyan",1390703,0,"Sun Jan 22 11:52:21 +0000 2012","1","en","http://pbs.twimg.com/profile_images/851029527874736128/9GiqwKyT_normal.jpg","2017-05-18 21:19:22"
44335525,"HHShkMohd","HH Sheikh Mohammed","Dubai, UAE","Official Tweets by His Highness Sheikh Mohammed bin Rashid Al Maktoum",7905270,62,"Wed Jun 03 10:48:46 +0000 2009","1","en","http://pbs.twimg.com/profile_images/561879065271865344/Km0x5XFD_normal.jpeg","2017-05-18 21:19:22"
36042554,"RoyalFamily","The Royal Family","Vereinigtes Königreich","Updates, pictures and videos from Buckingham Palace about the work and activities of The Queen and members of The Royal Family.",2976476,494,"Tue Apr 28 11:31:02 +0000 2009","1","en","http://pbs.twimg.com/profile_images/798088740967251968/mCISJs4j_normal.jpg","2017-05-18 21:19:22"
747807250819981312,"theresa_may","Theresa May","","Prime Minister and @Conservatives Leader. Tweets by Theresa signed TM",303823,0,"Tue Jun 28 15:01:57 +0000 2016","1","en-gb","http://pbs.twimg.com/profile_images/752863438376988672/GHycKE76_normal.jpg","2017-05-18 21:19:23"
25073877,"realDonaldTrump","Donald J. Trump","Washington, DC","45th President of the United States of America",29729757,45,"Wed Mar 18 13:46:38 +0000 2009","1","en","http://pbs.twimg.com/profile_images/1980294624/DJT_Headshot_V2_normal.jpg","2017-05-18 21:19:27"
25517917,"TabareVazquez","Tabare Vazquez","Montevideo, Uruguay.","Presidente de la Republica Oriental del Uruguay",4932,0,"Fri Mar 20 15:10:31 +0000 2009","","en","http://pbs.twimg.com/profile_images/104632857/Tabarev_normal.jpg","2017-05-18 21:20:42"
1915219578,"Sh_Mirziyoyev","Шавкат Мирзиёев","Ўзбекистон","Ўзбекистон Республикаси Президенти Шавкат Миромонович МИРЗИЁЕВ",4525,0,"Sat Sep 28 20:33:29 +0000 2013","","ru","http://pbs.twimg.com/profile_images/813082911482269696/88uWfJd3_normal.jpg","2017-05-18 21:20:43"
500704345,"Pontifex","Pope Francis","Vatican City","Welcome to the official Twitter page of His Holiness Pope Francis",10723414,8,"Thu Feb 23 11:38:07 +0000 2012","1","it","http://pbs.twimg.com/profile_images/507818066814590976/KNG-IkT9_normal.jpeg","2017-05-18 21:20:43"
1252764865,"NicolasMaduro","Nicolás Maduro","Venezuela","Presidente de la República Bolivariana de Venezuela. Hijo de Chávez. Construyendo la Patria con eficiencia revolucionaria.",3127870,115,"Fri Mar 08 21:19:10 +0000 2013","1","es","http://pbs.twimg.com/profile_images/526869852321886208/qfbFiS8H_normal.jpeg","2017-05-18 21:20:44"
742699047941771264,"EdgarCLungu","Edgar Chagwa Lungu","Zambia","Official Twitter account of President Edgar Chagwa Lungu, Republic of Zambia",4069,45,"Tue Jun 14 12:43:46 +0000 2016","","en","http://pbs.twimg.com/profile_images/742699563388112896/lrIg08nI_normal.jpg","2017-05-18 21:20:45"
805187349898526721,"adama_barrow","Adama Barrow","","3rd President of the Republic of The Gambia",28004,0,"Sat Dec 03 23:09:58 +0000 2016","","en","http://pbs.twimg.com/profile_images/848983891297935362/EC3UtOUI_normal.jpg","2017-05-18 21:52:37"
53966159,"anagarciacarias","Ana G. de Hernández","Tegucigalpa, Honduras.","Primera Dama de #Honduras. Esposa de Juan Orlando Hernández Alvarado, @JuanOrlandoH Presidente 2014-2018. Pertenecemos al Partido Nacional.",78599,382,"Sun Jul 05 18:13:21 +0000 2009","","es","http://pbs.twimg.com/profile_images/794990966331637760/-WpQ28hM_normal.jpg","2017-05-18 21:52:37"
